CÓDIO DE CLIENTE,EDAD,OCUPACIÓN,INGRESO SEMESTRAL,CUENTAS BANCARIAS,TARJETAS DE CRÉDITO,CANTIDAD DE PAGOS ADEUDADOS,DEUDA ACTUAL,PAGÓ EL MÍNIMO
6478,18,Scientist,144546.72,0,3,7,1045.11,No
6817,38,Media_Manager,108147.3,3,6,5,1113.06,Yes
6609,42,Teacher,103353.06,3,3,9,1374.56,No
6612,42,Teacher,103353.06,3,3,9,1374.56,No
6382,34,Musician,88362.46,5,2,8,325.93,NM
7471,51,Architect,43581.13,4,3,3,900.83,No
6202,30,Teacher,87215.68,2,6,5,680.77,No
7182,47,Accountant,37071.2,1,6,5,869.99,No
6787,25,Manager,43758.34,5,6,5,1194.28,No
7374,43,Mechanic,34766.06,0,1,4,1374.23,No
6525,35,Media_Manager,72330.98,0,3,6,596.78,No
6790,25,Manager,43758.34,5,6,3,1194.28,No
5771,33,Engineer,88640.24,3,6,4,950.36,No
7640,36,Manager,68935.26,1,5,9,457.81,No
6505,47,Mechanic,18681.465,2,3,6,327.88,No
6793,25,Manager,43758.34,5,6,5,1194.28,No
7332,46,Architect,24199.24,3,7,14,784.35,No
5637,23,Scientist,19114.12,3,4,4,809.98,No
5743,44,Journalist,31370.8,1,6,5,421.43,No
6564,25,Teacher,129067.59,1,3,5,137.15,No
6228,38,Doctor,95956.5,8,4,10,1079.73,NM
7185,48,Accountant,37071.2,1,6,3,869.99,No
6729,22,Teacher,18305.25,2,1,9,363.51,No
5640,23,Scientist,19114.12,3,4,8,809.98,No
6301,23,Entrepreneur,36822.29,8,7,19,125.25,No
6661,17,Manager,14841.35,6,5,14,3865.15,NM
6227,38,Doctor,95956.5,8,4,10,1079.73,No
6733,22,Teacher,18305.25,2,1,11,363.51,No
7513,49,Doctor,15488.885,0,4,0,1287.59,No
7572,34,Writer,9133.045,6,7,16,3035.88,NM
7508,48,Doctor,15488.885,0,4,0,1287.59,No
6731,22,Teacher,18305.25,2,1,10,363.51,No
7571,34,Writer,9133.045,6,7,14,3035.88,Yes
5697,31,Lawyer,73928.46,4,5,7,548.2,No
7570,34,Writer,9133.045,6,7,19,3035.88,Yes
6503,47,Mechanic,18681.465,2,3,8,327.88,No
5749,45,Journalist,31370.8,1,6,6,421.43,No
6168,19,Musician,85554.03,4,2,4,1095.73,No
7417,27,Media_Manager,91690.53,2,6,8,1295.18,No
7573,34,Writer,9133.045,6,7,16,3035.88,Yes
6155,22,Lawyer,148699.32,3,4,6,949.38,No
7569,34,Writer,9133.045,6,7,16,3035.88,Yes
6499,47,Mechanic,18681.465,2,3,5,327.88,NM
5635,23,Scientist,19114.12,3,4,4,809.98,No
6841,37,Teacher,85328.73,3,4,5,585.05,No
6045,37,Scientist,42171.98,2,7,10,556.91,No
7103,17,Journalist,19163.22,3,7,18,2226.37,Yes
5745,44,Journalist,31370.8,1,6,2,421.43,No
6660,17,Manager,14841.35,6,5,16,3865.15,Yes
5997,55,Scientist,20186.02,1,5,6,413.32,No
6727,22,Teacher,18305.25,2,1,9,363.51,No
7512,49,Doctor,15488.885,0,4,0,1287.59,No
6732,22,Teacher,18305.25,2,1,9,363.51,NM
7482,49,Media_Manager,28681.38,3,5,5,467.64,No
7656,42,Doctor,31807,8,3,8,611.04,Yes
7486,50,Media_Manager,28681.38,3,5,5,467.64,No
7484,50,Media_Manager,28681.38,3,5,5,467.64,No
5634,23,Scientist,19114.12,3,4,7,809.98,No
6728,22,Teacher,18305.25,2,1,12,363.51,No
6973,25,Musician,20188.02,4,3,6,399.92,No
6786,25,Manager,43758.34,5,6,4,1194.28,No
5999,55,Scientist,20186.02,1,5,7,413.32,No
7342,47,Musician,28587.29,4,1,4,1496.38,No
6379,33,Musician,88362.46,5,2,10,325.93,No
7381,43,Mechanic,34766.06,0,1,7,1374.23,No
7101,17,Journalist,19163.22,3,7,19,2226.37,Yes
5712,34,Lawyer,131313.4,0,1,5,352.16,No
7164,30,Engineer,132872.72,3,3,4,89.68,No
7488,50,Media_Manager,28681.38,3,5,5,467.64,No
5636,23,Scientist,19114.12,3,4,7,809.98,No
6198,30,Teacher,87215.68,2,6,5,680.77,No
5994,54,Scientist,20186.02,1,5,6,413.32,No
7489,50,Media_Manager,28681.38,3,5,5,467.64,No
7102,17,Journalist,19163.22,3,7,18,2226.37,NM
7642,37,Manager,68935.26,1,5,6,457.81,No
5748,45,Journalist,31370.8,1,6,5,421.43,No
7507,48,Doctor,15488.885,0,4,1,1287.59,NM
6500,46,Mechanic,18681.465,2,3,8,327.88,No
7654,42,Doctor,31807,8,3,8,611.04,NM
6968,24,Musician,20188.02,4,3,8,399.92,No
5639,23,Scientist,19114.12,3,4,4,809.98,No
5746,44,Journalist,31370.8,1,6,3,421.43,No
6969,24,Musician,20188.02,4,3,3,399.92,No
5638,23,Scientist,19114.12,3,4,4,809.98,No
5742,44,Journalist,31370.8,0,5,4,421.43,NM
7376,43,Mechanic,34766.06,0,1,6,1374.23,No
6502,47,Mechanic,18681.465,2,3,8,327.88,No
7329,46,Architect,24199.24,3,7,14,784.35,No
7161,30,Engineer,132872.72,3,3,7,89.68,No
6298,23,Entrepreneur,36822.29,8,7,19,125.25,No
7377,43,Mechanic,34766.06,0,1,4,1374.23,No
7188,48,Accountant,37071.2,1,6,5,869.99,No
5653,28,Teacher,34847.84,2,4,4,605.03,No
6058,36,Manager,71681.4,3,6,8,1293.02,Yes
6972,25,Musician,20188.02,4,3,6,399.92,No
6504,47,Mechanic,18681.465,2,3,8,327.88,No
7475,51,Architect,43581.13,4,3,3,900.83,No
6726,22,Teacher,18305.25,2,1,11,363.51,No
7019,29,Architect,147499.6,2,2,3,1250.67,No
5996,55,Scientist,20186.02,1,5,3,413.32,No
7338,47,Musician,28587.29,4,1,2,1496.38,No
5899,20,Entrepreneur,106733.13,4,4,7,76.23,No
6046,37,Scientist,42171.98,2,7,10,556.91,No
7328,46,Architect,24199.24,3,7,17,784.35,No
5744,44,Journalist,31370.8,1,6,6,421.43,No
7375,43,Mechanic,34766.06,0,1,5,1374.23,No
5747,44,Journalist,31370.8,1,6,4,421.43,No
7331,46,Architect,24199.24,3,7,14,784.35,No
7389,22,Engineer,16852.635,4,6,13,775.22,Yes
7655,42,Doctor,31807,8,3,11,611.04,NM
7413,27,Media_Manager,91690.53,2,6,8,1295.18,NM
6297,23,Entrepreneur,36822.29,8,7,19,125.25,No
6789,25,Manager,43758.34,5,6,2,1194.28,No
7393,23,Engineer,16852.635,4,6,13,775.22,Yes
6730,22,Teacher,18305.25,2,1,8,363.51,No
6971,25,Musician,20188.02,4,3,6,399.92,NM
6225,38,Doctor,95956.5,8,4,10,1079.73,No
6059,36,Manager,71681.4,3,6,6,1293.02,Yes
7330,46,Architect,24199.24,3,7,12,784.35,No
7333,46,Architect,24199.24,3,7,14,784.35,No
5713,34,Lawyer,131313.4,0,1,6,352.16,No
7183,47,Accountant,37071.2,1,6,5,869.99,No
7187,48,Accountant,37071.2,1,6,5,869.99,No
7391,23,Engineer,16852.635,4,6,16,775.22,Yes
7326,45,Architect,24199.24,3,7,14,784.35,No
6791,25,Manager,43758.34,5,6,4,1194.28,No
6561,25,Teacher,129067.59,1,3,5,137.15,No
7327,46,Architect,24199.24,3,7,14,784.35,No
6552,19,Mechanic,34106.78,8,5,10,996.54,Yes
7186,48,Accountant,37071.2,1,6,5,869.99,NM
7345,48,Musician,28587.29,4,1,6,1496.38,No
7470,51,Architect,43581.13,4,3,2,900.83,No
7476,51,Architect,43581.13,4,3,3,900.83,No
7474,51,Architect,43581.13,4,3,2,900.83,No
7483,50,Media_Manager,28681.38,3,5,5,467.64,No
7340,47,Musician,28587.29,4,1,4,1496.38,No
7344,47,Musician,28587.29,4,1,5,1496.38,No
6384,34,Musician,88362.46,5,2,8,325.93,No
7487,50,Media_Manager,28681.38,3,5,5,467.64,No
7379,43,Mechanic,34766.06,0,1,4,1374.23,NM
7339,47,Musician,28587.29,4,1,3,1496.38,No
7378,43,Mechanic,34766.06,0,1,4,1374.23,No
6300,23,Entrepreneur,36822.29,8,7,20,125.25,No
5661,34,Engineer,143162.64,1,5,5,1303.01,No
6299,23,Entrepreneur,36822.29,8,7,18,125.25,No
6480,18,Scientist,144546.72,0,3,5,1045.11,No
6048,37,Scientist,42171.98,2,7,10,556.91,No
7657,42,Doctor,31807,8,3,8,611.04,Yes
5650,28,Teacher,34847.84,2,4,6,605.03,No
7473,51,Architect,43581.13,4,3,3,900.83,No
7343,47,Musician,28587.29,4,1,4,1496.38,No
7021,29,Architect,147499.6,2,2,4,1250.67,No
6553,19,Mechanic,34106.78,8,5,10,996.54,Yes
7063,54,Manager,80396.86,5,7,11,1357.54,No
6229,38,Doctor,95956.5,8,4,10,1079.73,NM
6047,37,Scientist,42171.98,2,7,10,556.91,NM
7110,48,Media_Manager,94554.87,2,6,5,1487.9,No
7653,42,Doctor,31807,8,3,8,611.04,Yes
6645,28,Writer,39800.12,7,5,18,660.69,Yes
7341,47,Musician,28587.29,4,1,4,1496.38,NM
7472,51,Architect,43581.13,4,3,3,900.83,No
5652,28,Teacher,34847.84,2,4,4,605.03,NM
5649,28,Teacher,34847.84,2,4,3,605.03,No
6840,37,Teacher,85328.73,3,4,4,585.05,NM
6636,37,Journalist,134978.24,8,5,16,668.14,Yes
6381,34,Musician,88362.46,5,2,8,325.93,No
5651,28,Teacher,34847.84,2,4,2,605.03,No
7641,36,Manager,68935.26,1,5,5,457.81,No
5647,28,Teacher,34847.84,2,4,4,605.03,No
6788,25,Manager,43758.34,5,6,6,1194.28,No
6522,35,Media_Manager,72330.98,0,3,7,596.78,No
7638,36,Manager,68935.26,1,5,6,457.81,No
5735,24,Doctor,114838.41,2,5,14,1377.74,NM
7713,21,Lawyer,124419.66,3,4,8,923.85,No
7020,29,Architect,147499.6,2,2,7,1250.67,No
6061,36,Manager,71681.4,3,6,8,1293.02,NM
5901,20,Entrepreneur,106733.13,4,4,7,76.23,No
6851,27,Writer,134321.44,3,5,19,1428.68,Yes
6526,35,Media_Manager,72330.98,0,3,6,596.78,No
6167,19,Musician,85554.03,4,2,7,1095.73,No
6717,55,Musician,139354.48,3,3,16,519.3,No
7643,37,Manager,68935.26,1,5,3,457.81,No
5732,23,Doctor,114838.41,2,5,11,1377.74,NM
5707,34,Lawyer,131313.4,0,1,3,352.16,No
7414,27,Media_Manager,91690.53,2,6,8,1295.18,No
6153,22,Lawyer,148699.32,3,4,6,949.38,No
5770,33,Engineer,88640.24,3,6,3,950.36,No
6816,38,Media_Manager,108147.3,3,6,4,1113.06,Yes
6529,35,Media_Manager,72330.98,0,3,6,596.78,No
6378,33,Musician,88362.46,5,2,5,325.93,No
6205,30,Teacher,87215.68,2,6,8,680.77,NM
6635,36,Journalist,134978.24,8,5,16,668.14,Yes
6836,37,Teacher,85328.73,3,4,2,585.05,No
6383,34,Musician,88362.46,5,2,6,325.93,No
6852,27,Writer,134321.44,3,5,19,1428.68,Yes
7639,36,Manager,68935.26,1,5,8,457.81,NM
5853,26,Musician,97791.42,6,6,8,107.41,Yes
7112,48,Media_Manager,94554.87,2,6,3,1487.9,No
7644,37,Manager,68935.26,1,5,6,457.81,No
5699,31,Lawyer,73928.46,4,5,7,548.2,No
6060,36,Manager,71681.4,3,6,10,1293.02,Yes
6057,36,Manager,71681.4,3,6,8,1293.02,Yes
7062,54,Manager,80396.86,5,7,11,1357.54,No
7645,37,Manager,68935.26,1,5,9,457.81,No
7113,48,Media_Manager,94554.87,2,6,4,1487.9,No
6563,25,Teacher,129067.59,1,3,5,137.15,No
5772,33,Engineer,88640.24,3,6,5,950.36,No
6637,37,Journalist,134978.24,8,5,15,668.14,Yes
6385,34,Musician,88362.46,5,2,7,325.93,No
5767,33,Engineer,88640.24,3,6,5,950.36,NM
6523,35,Media_Manager,72330.98,0,3,6,596.78,No
6565,25,Teacher,129067.59,1,3,5,137.15,No
6165,19,Musician,85554.03,4,2,7,1095.73,No
7015,29,Architect,147499.6,2,2,3,1250.67,No
6397,45,Entrepreneur,118248.6,5,1,13,191.09,NM
5698,31,Lawyer,73928.46,4,5,7,548.2,No
6203,30,Teacher,87215.68,2,6,4,680.77,No
6837,37,Teacher,85328.73,3,4,3,585.05,No
6719,55,Musician,139354.48,3,3,16,519.3,No
6204,30,Teacher,87215.68,2,6,5,680.77,No
5696,31,Lawyer,73928.46,4,5,7,548.2,No
7416,27,Media_Manager,91690.53,2,6,8,1295.18,No
6152,21,Lawyer,148699.32,3,4,3,949.38,No
5695,31,Lawyer,73928.46,4,5,7,548.2,NM
7412,27,Media_Manager,91690.53,2,6,8,1295.18,No
6834,37,Teacher,85328.73,3,4,5,585.05,No
6558,24,Teacher,129067.59,1,3,5,137.15,No
5660,34,Engineer,143162.64,1,5,7,1303.01,No
6839,37,Teacher,85328.73,3,4,5,585.05,No
6524,35,Media_Manager,72330.98,0,3,6,596.78,No
7411,27,Media_Manager,91690.53,2,6,8,1295.18,No
5773,33,Engineer,88640.24,3,6,6,950.36,No
5694,31,Lawyer,73928.46,4,5,10,548.2,No
6607,42,Teacher,103353.06,3,3,9,1374.56,No
6835,37,Teacher,85328.73,3,4,6,585.05,No
6392,45,Entrepreneur,118248.6,5,1,7,191.09,No
7111,48,Media_Manager,94554.87,2,6,6,1487.9,No
7711,21,Lawyer,124419.66,3,4,8,923.85,No
5898,19,Entrepreneur,106733.13,4,4,8,76.23,No
6838,37,Teacher,85328.73,3,4,4,585.05,No
5733,23,Doctor,114838.41,2,5,14,1377.74,No
6200,30,Teacher,87215.68,2,6,5,680.77,No
7159,30,Engineer,132872.72,3,3,6,89.68,No
6396,45,Entrepreneur,118248.6,5,1,10,191.09,No
5731,23,Doctor,114838.41,2,5,8,1377.74,NM
6156,22,Lawyer,148699.32,3,4,6,949.38,No
6527,35,Media_Manager,72330.98,0,3,6,596.78,No
5902,20,Entrepreneur,106733.13,4,4,6,76.23,No
5736,24,Doctor,114838.41,2,5,11,1377.74,No
6162,19,Musician,85554.03,4,2,7,1095.73,No
5701,31,Lawyer,73928.46,4,5,7,548.2,No
6157,22,Lawyer,148699.32,3,4,8,949.38,No
5730,23,Doctor,114838.41,2,5,11,1377.74,No
6560,24,Teacher,129067.59,1,3,5,137.15,No
5662,34,Engineer,143162.64,1,5,5,1303.01,No
6718,55,Musician,139354.48,3,3,18,519.3,No
6562,25,Teacher,129067.59,1,3,6,137.15,NM
7117,48,Media_Manager,94554.87,2,6,2,1487.9,No
6150,21,Lawyer,148699.32,3,4,8,949.38,No
6850,27,Writer,134321.44,3,5,21,1428.68,Yes
6164,19,Musician,85554.03,4,2,7,1095.73,No
6154,22,Lawyer,148699.32,3,4,3,949.38,No
6606,42,Teacher,103353.06,3,3,9,1374.56,No
5706,33,Lawyer,131313.4,0,1,3,352.16,NM
7016,29,Architect,147499.6,2,2,6,1250.67,No
6610,42,Teacher,103353.06,3,3,9,1374.56,No
6479,18,Scientist,144546.72,0,3,7,1045.11,No
6169,20,Musician,85554.03,4,2,7,1095.73,No
6151,21,Lawyer,148699.32,3,4,4,949.38,No
7158,29,Engineer,132872.72,3,3,7,89.68,No
6163,19,Musician,85554.03,4,2,7,1095.73,NM
6166,19,Musician,85554.03,4,2,7,1095.73,No
5709,34,Lawyer,131313.4,0,1,4,352.16,No
6611,42,Teacher,103353.06,3,3,6,1374.56,No
7114,48,Media_Manager,94554.87,2,6,5,1487.9,No
7018,29,Architect,147499.6,2,2,6,1250.67,No
6395,45,Entrepreneur,118248.6,5,1,10,191.09,No
5855,26,Musician,97791.42,6,6,8,107.41,Yes
6270,42,Developer,123732.32,4,3,8,1154.46,No
7115,48,Media_Manager,94554.87,2,6,6,1487.9,No
5857,26,Musician,97791.42,6,6,8,107.41,Yes
5900,20,Entrepreneur,106733.13,4,4,6,76.23,No
7160,30,Engineer,132872.72,3,3,5,89.68,No
6613,42,Teacher,103353.06,3,3,12,1374.56,No
5710,34,Lawyer,131313.4,0,1,4,352.16,No
5663,34,Engineer,143162.64,1,5,6,1303.01,No
5854,26,Musician,97791.42,6,6,8,107.41,Yes
7163,30,Engineer,132872.72,3,3,7,89.68,No
5659,34,Engineer,143162.64,1,5,6,1303.01,No
6390,45,Entrepreneur,118248.6,5,1,10,191.09,NM
5708,34,Lawyer,131313.4,0,1,3,352.16,NM
7165,30,Engineer,132872.72,3,3,5,89.68,No
5658,34,Engineer,143162.64,1,5,8,1303.01,No
6481,18,Scientist,144546.72,0,3,7,1045.11,No
6634,36,Journalist,134978.24,8,5,16,668.14,Yes
6633,36,Journalist,134978.24,8,5,17,668.14,Yes
6393,45,Entrepreneur,118248.6,5,1,7,191.09,No
6271,42,Developer,123732.32,4,3,8,1154.46,No
6319,20,Scientist,69977.6,10,7,40,3042.36,Yes
5924,34,Mechanic,57983.12,9,8,21,3532.83,Yes
6588,21,Accountant,44719.17,6,6,39,3818.57,Yes
5950,30,Writer,34290.12,9,8,37,2686.81,Yes
7074,42,Writer,57610.32,8,10,23,4428.64,Yes
6323,21,Scientist,69977.6,10,7,20,3042.36,Yes
7079,42,Writer,57610.32,8,10,23,4428.64,Yes
6334,16,Musician,45369.48,9,5,17,1746.9,Yes
7400,20,Scientist,33502.1,7,9,39,2362.68,Yes
7561,16,Mechanic,35161.46,10,8,21,4445.32,Yes
6585,21,Accountant,44719.17,6,6,20,3818.57,Yes
6586,21,Accountant,44719.17,6,6,39,3818.57,Yes
5946,30,Writer,34290.12,9,8,10,2686.81,Yes
7560,16,Mechanic,35161.46,10,8,21,4445.32,Yes
6463,42,Doctor,45207.54,8,8,22,2497.48,Yes
6992,32,Engineer,55151.04,10,6,17,1743.83,Yes
6342,45,Journalist,41746.76,8,5,21,1936.79,Yes
6321,20,Scientist,69977.6,10,7,40,3042.36,Yes
7045,33,Scientist,19795.52,7,10,21,3135.02,Yes
7039,32,Scientist,19795.52,7,10,22,3135.02,Yes
5982,37,Manager,39641.54,10,8,38,2258.73,Yes
6248,14,Developer,39887.22,9,9,39,3119.6,Yes
6469,43,Doctor,45207.54,8,8,20,2497.48,Yes
6237,26,Manager,49967.01,7,6,35,2253.95,Yes
7042,32,Scientist,19795.52,7,10,21,3135.02,Yes
5983,37,Manager,39641.54,10,8,16,2258.73,Yes
5985,37,Manager,39641.54,10,8,16,2258.73,Yes
7428,37,Entrepreneur,30502.54,8,7,20,1672.68,Yes
6336,16,Musician,45369.48,9,5,17,1746.9,Yes
6249,14,Developer,39887.22,9,9,39,3119.6,Yes
7316,26,Mechanic,77418.52,7,9,40,3962.08,Yes
7424,37,Entrepreneur,30502.54,8,7,20,1672.68,Yes
6262,44,Developer,14129.76,8,5,21,4071.62,Yes
7429,37,Entrepreneur,30502.54,8,7,20,1672.68,Yes
7051,33,Doctor,60938.13,10,8,40,3947.24,Yes
7054,34,Doctor,60938.13,10,8,21,3947.24,Yes
7056,34,Doctor,60938.13,10,8,40,3947.24,Yes
6825,27,Lawyer,17759.1,6,8,25,3598.39,Yes
6258,43,Developer,14129.76,8,5,17,4071.62,Yes
7044,33,Scientist,19795.52,7,10,21,3135.02,Yes
6361,22,Media_Manager,19981.6,10,8,21,4834.59,Yes
7086,36,Journalist,18717.02,8,5,20,2103.99,Yes
5984,37,Manager,39641.54,10,8,42,2258.73,Yes
7043,33,Scientist,19795.52,7,10,21,3135.02,Yes
6667,21,Architect,66105.4,6,8,22,1549.56,Yes
6670,21,Architect,66105.4,6,8,22,1549.56,Yes
7053,33,Doctor,60938.13,10,8,40,3947.24,Yes
6331,16,Musician,45369.48,9,5,17,1746.9,Yes
6260,44,Developer,14129.76,8,5,40,4071.62,Yes
6094,37,Musician,15566.02,8,5,20,1693.95,Yes
6264,44,Developer,14129.76,8,5,40,4071.62,Yes
6889,19,Lawyer,56803.71,7,5,23,2593.44,Yes
6360,22,Media_Manager,19981.6,10,8,23,4834.59,Yes
7423,36,Entrepreneur,30502.54,8,7,20,1672.68,Yes
7533,33,Writer,42152.01,3,7,39,3636,No
7691,30,Teacher,9783.245,8,6,17,1684.06,Yes
6828,28,Lawyer,17759.1,6,8,9,3598.39,Yes
6827,27,Lawyer,17759.1,6,8,39,3598.39,Yes
7669,37,Musician,10025.2,10,10,39,1409.58,Yes
6188,27,Architect,14165.23,7,10,24,2797.17,Yes
7405,20,Scientist,33502.1,7,9,20,2362.68,Yes
7662,36,Musician,10025.2,10,10,39,1409.58,Yes
5866,32,Entrepreneur,19300.34,6,7,39,2430.21,Yes
6091,36,Musician,15566.02,8,5,20,1693.95,Yes
6180,16,Entrepreneur,55829.79,10,10,42,3422.49,Yes
6764,33,Musician,14205.09,7,10,39,4845.24,Yes
6415,17,Musician,75273.24,8,6,16,2497.34,Yes
6190,27,Architect,14165.23,7,10,24,2797.17,Yes
7629,17,Entrepreneur,15604.56,9,5,23,2686.18,Yes
7033,43,Architect,20005.22,8,3,20,1859.45,Yes
7040,32,Scientist,19795.52,7,10,21,3135.02,Yes
6895,31,Architect,38364.82,9,6,22,1973.63,Yes
5951,30,Writer,34290.12,9,8,37,2686.81,Yes
6925,55,Doctor,19403.405,1,7,10,1025,No
6824,27,Lawyer,17759.1,6,8,42,3598.39,Yes
7041,32,Scientist,19795.52,7,10,40,3135.02,Yes
6322,20,Scientist,69977.6,10,7,40,3042.36,Yes
5864,31,Entrepreneur,19300.34,6,7,39,2430.21,Yes
7050,33,Doctor,60938.13,10,8,40,3947.24,Yes
7686,29,Teacher,9783.245,8,6,39,1684.06,Yes
7213,38,Architect,40391.66,10,7,23,1950.62,Yes
7398,20,Scientist,33502.1,7,9,20,2362.68,Yes
6335,16,Musician,45369.48,9,5,42,1746.9,Yes
6265,44,Developer,14129.76,8,5,40,4071.62,Yes
6356,22,Media_Manager,19981.6,10,8,21,4834.59,Yes
7689,29,Teacher,9783.245,8,6,17,1684.06,Yes
5988,37,Manager,39641.54,10,8,39,2258.73,Yes
6358,22,Media_Manager,19981.6,10,8,21,4834.59,Yes
5792,39,Manager,8701.545,6,5,16,2602.69,Yes
6957,34,Engineer,19777.05,5,3,39,1025,No
6583,21,Accountant,44719.17,6,6,20,3818.57,Yes
7208,38,Architect,40391.66,10,7,20,1950.62,Yes
5795,39,Manager,8701.545,6,5,39,2602.69,Yes
7692,30,Teacher,9783.245,8,6,17,1684.06,Yes
6574,34,Architect,17001.34,6,5,20,1093.87,No
6011,43,Musician,18627.64,7,7,21,1793.54,Yes
6261,44,Developer,14129.76,8,5,21,4071.62,Yes
6960,34,Engineer,19777.05,5,3,39,1025,No
6829,28,Lawyer,17759.1,6,8,9,3598.39,Yes
7426,37,Entrepreneur,30502.54,8,7,20,1672.68,Yes
5989,38,Manager,39641.54,10,8,38,2258.73,Yes
5953,30,Writer,34290.12,9,8,16,2686.81,Yes
5791,39,Manager,8701.545,6,5,16,2602.69,Yes
5868,32,Entrepreneur,19300.34,6,7,39,2430.21,Yes
6187,27,Architect,14165.23,7,10,24,2797.17,Yes
6263,44,Developer,14129.76,8,5,40,4071.62,Yes
7664,36,Musician,10025.2,10,10,39,1409.58,Yes
5794,39,Manager,8701.545,6,5,16,2602.69,Yes
5949,30,Writer,34290.12,9,8,20,2686.81,Yes
7218,18,Writer,7441.295,5,8,16,2569.3,Yes
7604,33,Media_Manager,9444.795,7,8,35,1701.58,Yes
6948,20,Architect,15015.4,5,5,35,1025,No
7724,50,Entrepreneur,15606.515,3,4,39,1025,No
6095,37,Musician,15566.02,8,5,23,1693.95,Yes
7219,18,Writer,7441.295,5,8,16,2569.3,Yes
6008,43,Musician,18627.64,7,7,21,1793.54,Yes
6012,43,Musician,18627.64,7,7,21,1793.54,Yes
7693,30,Teacher,9783.245,8,6,17,1684.06,Yes
7055,34,Doctor,60938.13,10,8,40,3947.24,Yes
5721,30,Media_Manager,34081.38,8,7,39,1704.18,Yes
7225,19,Writer,7441.295,5,8,38,2569.3,Yes
5720,30,Media_Manager,34081.38,8,7,36,1704.18,Yes
7134,39,Architect,9983.345,6,10,16,1823.35,Yes
6763,33,Musician,14205.09,7,10,40,4845.24,Yes
6946,19,Architect,15015.4,5,5,39,1025,No
7616,46,Doctor,70112.78,1,7,39,3614,Yes
7606,34,Media_Manager,9444.795,7,8,35,1701.58,Yes
6823,27,Lawyer,17759.1,6,8,39,3598.39,Yes
5797,39,Manager,8701.545,6,5,16,2602.69,Yes
6013,44,Musician,18627.64,7,7,40,1793.54,Yes
5796,39,Manager,8701.545,6,5,16,2602.69,Yes
7690,29,Teacher,9783.245,8,6,16,1684.06,Yes
5887,41,Media_Manager,10183.015,7,5,40,1672.43,Yes
5888,41,Media_Manager,10183.015,7,5,23,1672.43,Yes
7617,46,Doctor,70112.78,1,7,39,3647,No
6582,21,Accountant,44719.17,6,6,39,3818.57,Yes
6259,44,Developer,14129.76,8,5,40,4071.62,Yes
7057,34,Doctor,60938.13,10,8,21,3947.24,Yes
6246,14,Developer,39887.22,9,9,21,3119.6,Yes
5790,39,Manager,8701.545,6,5,16,2602.69,Yes
7723,50,Entrepreneur,15606.515,3,4,39,1025,No
7088,36,Journalist,18717.02,8,5,17,2103.99,Yes
6006,43,Musician,18627.64,7,7,21,1793.54,Yes
5916,32,Lawyer,12600.445,5,5,20,1025,Yes
5917,32,Lawyer,12600.445,5,5,39,1025,Yes
7605,33,Media_Manager,9444.795,7,8,35,1701.58,Yes
7092,37,Journalist,18717.02,8,5,40,2103.99,Yes
7609,34,Media_Manager,9444.795,7,8,35,1701.58,Yes
7607,34,Media_Manager,9444.795,7,8,37,1701.58,Yes
7626,17,Entrepreneur,15604.56,9,5,23,2686.18,Yes
6357,22,Media_Manager,19981.6,10,8,21,4834.59,Yes
5880,41,Musician,19514.88,7,5,42,2478,No
7135,39,Architect,9983.345,6,10,16,1823.35,Yes
7078,42,Writer,57610.32,8,10,23,4428.64,Yes
6192,27,Architect,14165.23,7,10,24,2797.17,Yes
6587,21,Accountant,44719.17,6,6,20,3818.57,Yes
6589,21,Accountant,44719.17,6,6,39,3818.57,Yes
6191,27,Architect,14165.23,7,10,24,2797.17,Yes
7206,38,Architect,40391.66,10,7,23,1950.62,Yes
7608,34,Media_Manager,9444.795,7,8,35,1701.58,Yes
7222,19,Writer,7441.295,5,8,16,2569.3,Yes
5793,39,Manager,8701.545,6,5,16,2602.69,Yes
5891,42,Media_Manager,10183.015,7,5,24,1672.43,Yes
6537,16,Teacher,43241.49,10,7,17,2174.16,Yes
5867,32,Entrepreneur,19300.34,6,7,17,2430.21,Yes
5893,42,Media_Manager,10183.015,7,5,21,1672.43,Yes
6010,43,Musician,18627.64,7,7,21,1793.54,Yes
6584,21,Accountant,44719.17,6,6,21,3818.57,Yes
7663,36,Musician,10025.2,10,10,39,1409.58,Yes
6993,32,Engineer,55151.04,10,6,17,1743.83,Yes
7665,36,Musician,10025.2,10,10,35,1409.58,Yes
6355,21,Media_Manager,19981.6,10,8,21,4834.59,Yes
7209,38,Architect,40391.66,10,7,23,1950.62,Yes
7688,29,Teacher,9783.245,8,6,40,1684.06,Yes
5890,41,Media_Manager,10183.015,7,5,21,1672.43,Yes
5915,32,Lawyer,12600.445,5,5,39,1025,Yes
5886,41,Media_Manager,10183.015,7,5,21,1672.43,Yes
6247,14,Developer,39887.22,9,9,39,3119.6,Yes
5922,34,Mechanic,57983.12,9,8,39,3532.83,Yes
5987,37,Manager,39641.54,10,8,16,2258.73,Yes
7223,19,Writer,7441.295,5,8,39,2569.3,Yes
7402,20,Scientist,33502.1,7,9,20,2362.68,Yes
5892,42,Media_Manager,10183.015,7,5,21,1672.43,Yes
5718,30,Media_Manager,34081.38,8,7,36,1704.18,Yes
6958,34,Engineer,19777.05,5,3,39,1025,No
7630,17,Entrepreneur,15604.56,9,5,24,2686.18,Yes
6007,43,Musician,18627.64,7,7,21,1793.54,Yes
7220,18,Writer,7441.295,5,8,16,2569.3,Yes
5913,32,Lawyer,12600.445,5,5,40,1025,Yes
5914,32,Lawyer,12600.445,5,5,39,1025,Yes
7422,36,Entrepreneur,30502.54,8,7,21,1672.68,Yes
6762,33,Musician,14205.09,7,10,40,4845.24,Yes
6092,37,Musician,15566.02,8,5,39,1693.95,Yes
6705,53,Engineer,17992.775,3,5,36,1025,No
5878,41,Musician,19514.88,7,5,37,2546,No
6769,34,Musician,14205.09,7,10,21,4845.24,Yes
7728,50,Entrepreneur,15606.515,3,4,39,1025,No
5863,31,Entrepreneur,19300.34,6,7,40,2430.21,Yes
6468,43,Doctor,45207.54,8,8,20,2497.48,Yes
7404,20,Scientist,33502.1,7,9,40,2362.68,Yes
7087,36,Journalist,18717.02,8,5,39,2103.99,Yes
7032,43,Architect,20005.22,8,3,21,1859.45,Yes
6942,19,Architect,15015.4,5,5,16,1025,No
7401,20,Scientist,33502.1,7,9,20,2362.68,Yes
6096,37,Musician,15566.02,8,5,17,1693.95,Yes
7075,42,Writer,57610.32,8,10,23,4428.64,Yes
7725,50,Entrepreneur,15606.515,3,4,39,1025,Yes
7666,36,Musician,10025.2,10,10,39,1409.58,Yes
5862,31,Entrepreneur,19300.34,6,7,39,2430.21,Yes
7667,36,Musician,10025.2,10,10,39,1409.58,Yes
7628,17,Entrepreneur,15604.56,9,5,23,2686.18,Yes
6251,14,Developer,39887.22,9,9,40,3119.6,Yes
7668,37,Musician,10025.2,10,10,39,1409.58,Yes
6990,31,Engineer,55151.04,10,6,17,1743.83,Yes
7722,50,Entrepreneur,15606.515,3,4,39,1025,No
7224,19,Writer,7441.295,5,8,16,2569.3,Yes
6984,54,Scientist,41345.58,0,5,39,2378,No
6945,19,Architect,15015.4,5,5,35,1025,Yes
6465,42,Doctor,45207.54,8,8,20,2497.48,Yes
5879,41,Musician,19514.88,7,5,37,2359,No
6445,42,Entrepreneur,58674.66,8,5,23,2425.38,Yes
6981,54,Scientist,41345.58,0,5,39,2356,No
6090,36,Musician,15566.02,8,5,20,1693.95,Yes
6347,46,Journalist,41746.76,8,5,21,1936.79,Yes
5925,34,Mechanic,57983.12,9,8,22,3532.83,Yes
7427,37,Entrepreneur,30502.54,8,7,17,1672.68,Yes
6943,19,Architect,15015.4,5,5,10,1025,No
7081,43,Writer,57610.32,8,10,23,4428.64,Yes
7627,17,Entrepreneur,15604.56,9,5,23,2686.18,Yes
7317,26,Mechanic,77418.52,7,9,21,3962.08,Yes
6071,16,Mechanic,29469.98,7,7,21,3421.66,Yes
6899,32,Architect,38364.82,9,6,22,1973.63,Yes
6332,16,Musician,45369.48,9,5,17,1746.9,Yes
6072,16,Mechanic,29469.98,7,7,24,3421.66,Yes
7729,50,Entrepreneur,15606.515,3,4,39,1025,Yes
6703,53,Engineer,17992.775,3,5,39,1025,Yes
7403,20,Scientist,33502.1,7,9,22,2362.68,Yes
7631,17,Entrepreneur,15604.56,9,5,23,2686.18,Yes
6252,14,Developer,39887.22,9,9,39,3119.6,Yes
6668,21,Architect,66105.4,6,8,22,1549.56,Yes
7296,38,Teacher,34212.01,6,5,16,1025,No
6704,53,Engineer,17992.775,3,5,39,1025,No
6250,14,Developer,39887.22,9,9,39,3119.6,Yes
5881,41,Musician,19514.88,7,5,35,3265,No
7537,33,Writer,42152.01,3,7,39,3658,No
7554,15,Mechanic,35161.46,10,8,24,4445.32,Yes
6924,55,Doctor,19403.405,1,7,16,1025,No
6702,53,Engineer,17992.775,3,5,25,1025,No
6947,20,Architect,15015.4,5,5,35,1025,No
6573,34,Architect,17001.34,6,5,40,1093.87,Yes
6238,26,Manager,49967.01,7,6,35,2253.95,Yes
6944,19,Architect,15015.4,5,5,35,1025,No
6539,16,Teacher,43241.49,10,7,17,2174.16,Yes
7007,39,Manager,30536.62,6,6,39,2569,Yes
6955,34,Engineer,19777.05,5,3,39,1025,No
7006,39,Manager,30536.62,6,6,39,2514,Yes
6888,19,Lawyer,56803.71,7,5,23,2593.44,Yes
7211,38,Architect,40391.66,10,7,24,1950.62,Yes
5926,34,Mechanic,57983.12,9,8,21,3532.83,Yes
6954,34,Engineer,19777.05,5,3,39,1025,No
6859,24,Lawyer,61008,10,5,39,1755.81,Yes
6961,34,Engineer,19777.05,5,3,39,1025,No
6896,32,Architect,38364.82,9,6,22,1973.63,Yes
6070,16,Mechanic,29469.98,7,7,21,3421.66,Yes
5929,34,Mechanic,57983.12,9,8,24,3532.83,Yes
6466,43,Doctor,45207.54,8,8,20,2497.48,Yes
6959,34,Engineer,19777.05,5,3,39,1025,No
6858,24,Lawyer,61008,10,5,39,1755.81,Yes
7008,39,Manager,30536.62,6,6,10,2558,Yes
6672,22,Architect,66105.4,6,8,22,1549.56,Yes
6538,16,Teacher,43241.49,10,7,17,2174.16,Yes
7315,26,Mechanic,77418.52,7,9,24,3962.08,Yes
6994,32,Engineer,55151.04,10,6,17,1743.83,Yes
6897,32,Architect,38364.82,9,6,22,1973.63,Yes
6069,16,Mechanic,29469.98,7,7,21,3421.66,Yes
7614,46,Doctor,70112.78,1,7,39,3647,No
7080,42,Writer,57610.32,8,10,23,4428.64,Yes
6073,16,Mechanic,29469.98,7,7,21,3421.66,Yes
6744,26,Journalist,27865.26,4,3,16,5421,Yes
7557,16,Mechanic,35161.46,10,8,21,4445.32,Yes
6863,24,Lawyer,61008,10,5,39,1755.81,Yes
6535,15,Teacher,43241.49,10,7,39,2174.16,Yes
6241,26,Manager,49967.01,6,5,35,2253.95,Yes
6865,24,Lawyer,61008,10,5,39,1755.81,Yes
5877,41,Musician,19514.88,7,5,37,1252,No
6709,53,Engineer,17992.775,3,5,39,1025,No
6894,31,Architect,38364.82,9,6,22,1973.63,Yes
6235,25,Manager,49967.01,7,6,35,2253.95,Yes
7297,38,Teacher,34212.01,6,5,16,1025,No
7558,16,Mechanic,35161.46,10,8,39,4445.32,Yes
5719,30,Media_Manager,34081.38,8,7,34,1704.18,Yes
6439,42,Entrepreneur,58674.66,8,5,23,2425.38,Yes
6707,53,Engineer,17992.775,3,5,42,1025,No
6444,42,Entrepreneur,58674.66,8,5,23,2425.38,Yes
6467,43,Doctor,45207.54,8,8,23,2497.48,Yes
6345,45,Journalist,41746.76,8,5,21,1936.79,Yes
7077,42,Writer,57610.32,8,10,23,4428.64,Yes
7559,16,Mechanic,35161.46,10,8,24,4445.32,Yes
6462,42,Doctor,45207.54,8,8,20,2497.48,Yes
6708,53,Engineer,17992.775,3,5,39,1025,No
6901,32,Architect,38364.82,9,6,22,1973.63,Yes
7320,26,Mechanic,77418.52,7,9,40,3962.08,Yes
7321,26,Mechanic,77418.52,7,9,23,3962.08,Yes
6464,42,Doctor,45207.54,8,8,21,2497.48,Yes
6348,46,Journalist,41746.76,8,5,23,1936.79,Yes
6991,31,Engineer,55151.04,10,6,17,1743.83,Yes
7318,26,Mechanic,77418.52,7,9,24,3962.08,Yes
7314,26,Mechanic,77418.52,7,9,21,3962.08,Yes
5725,30,Media_Manager,34081.38,8,7,39,1704.18,Yes
6898,32,Architect,38364.82,9,6,20,1973.63,Yes
6745,26,Journalist,27865.26,4,3,40,4523,Yes
6349,46,Journalist,41746.76,8,5,21,1936.79,Yes
6236,26,Manager,49967.01,7,6,35,2253.95,Yes
6900,32,Architect,38364.82,9,6,23,1973.63,Yes
6234,25,Manager,49967.01,7,6,35,2253.95,Yes
6337,16,Musician,45369.48,9,5,17,1746.9,Yes
7535,33,Writer,42152.01,3,7,39,3614,Yes
7207,38,Architect,40391.66,10,7,20,1950.62,Yes
6996,32,Engineer,55151.04,10,6,39,1743.83,Yes
6239,26,Manager,49967.01,6,5,39,2253.95,Yes
6860,24,Lawyer,61008,10,5,39,1755.81,Yes
6669,21,Architect,66105.4,6,8,23,1549.56,Yes
6240,26,Manager,49967.01,6,5,10,2253.95,Yes
6995,32,Engineer,55151.04,10,6,17,1743.83,Yes
6864,24,Lawyer,61008,10,5,39,1755.81,Yes
6440,42,Entrepreneur,58674.66,8,5,23,2425.38,Yes
7319,26,Mechanic,77418.52,7,9,21,3962.08,Yes
6673,22,Architect,66105.4,6,8,22,1549.56,Yes
7210,38,Architect,40391.66,10,7,21,1950.62,Yes
6438,42,Entrepreneur,58674.66,8,5,23,2425.38,Yes
6985,54,Scientist,41345.58,0,5,39,2536,No
6861,24,Lawyer,61008,10,5,39,1755.81,Yes
6983,54,Scientist,41345.58,0,5,39,2389,No
7595,24,Scientist,66502.76,0,6,10,1025,Yes
6417,18,Musician,75273.24,8,6,10,2497.34,Yes
6330,16,Musician,45369.48,9,5,17,1746.9,Yes
6982,54,Scientist,41345.58,0,5,39,2345,No
7597,24,Scientist,66502.76,0,6,10,1025,No
7591,23,Scientist,66502.76,0,6,10,1025,No
7596,24,Scientist,66502.76,0,6,35,1025,No
7621,47,Doctor,70112.78,1,7,39,3614,No
6419,18,Musician,75273.24,8,6,16,2497.34,Yes
7593,23,Scientist,66502.76,0,6,39,1025,No
6420,18,Musician,75273.24,8,6,10,2497.34,Yes
7590,23,Scientist,66502.76,0,6,39,1025,No
7592,23,Scientist,66502.76,0,6,10,1025,No
7530,32,Writer,42152.01,3,7,39,2547,No
7620,46,Doctor,70112.78,1,7,39,3625,No
7619,46,Doctor,70112.78,1,7,39,3658,Yes
7618,46,Doctor,70112.78,1,7,38,3625,No
5833,20,Accountant,52608.08,6,7,35,1296.64,Yes
5831,20,Accountant,52608.08,6,7,38,1296.64,Yes
5830,20,Accountant,52608.08,6,7,39,1296.64,Yes
5832,20,Accountant,52608.08,6,7,10,1296.64,Yes
7532,32,Writer,42152.01,3,7,39,3625,No
7536,33,Writer,42152.01,3,7,39,3669,No
5829,20,Accountant,52608.08,6,7,35,1296.64,Yes
5783,35,Entrepreneur,54392.16,6,4,8,4560,Yes
6318,20,Scientist,69977.6,10,7,18,4560,Yes
6324,21,Scientist,69977.6,10,7,19,4560,Yes
6325,21,Scientist,69977.6,10,7,18,4560,NM
7269,44,Journalist,126006.68,4,3,12,4560,Yes
5927,34,Mechanic,57983.12,9,8,21,4560,Yes
6443,42,Entrepreneur,58674.66,8,5,25,4560,Yes
6213,43,Lawyer,81842.28,10,9,16,4560,Yes
6214,43,Lawyer,81842.28,10,9,17,4560,Yes
7266,43,Journalist,126006.68,4,3,12,4560,Yes
7366,20,Writer,74647.4,6,5,17,4560,Yes
6174,15,Entrepreneur,55829.79,10,10,20,4560,Yes
6426,18,Media_Manager,54820.89,8,7,20,4560,Yes
6800,20,Writer,144881.68,3,4,3,4560,Yes
6801,20,Writer,144881.68,3,4,4,4560,Yes
6804,20,Writer,144881.68,3,4,4,4560,Yes
6534,16,Teacher,43241.49,10,7,17,4560,Yes
7196,20,Entrepreneur,41735.55,0,3,6,4560,No
5844,46,Teacher,32284.62,6,7,12,4560,Yes
5769,33,Engineer,88640.24,3,6,2,4560,No
6997,32,Engineer,55151.04,10,6,17,4560,Yes
6078,19,Engineer,72559.36,4,5,21,4560,No
5845,46,Teacher,32284.62,6,7,12,4560,Yes
5806,37,Entrepreneur,25546.26,8,7,13,4560,Yes
6407,26,Scientist,60162.1,5,7,11,4560,Yes
6487,39,Engineer,30346.35,5,4,9,4560,Yes
6644,28,Writer,39800.12,7,5,18,4560,Yes
7291,38,Teacher,34212.01,6,5,9,4560,No
7197,20,Entrepreneur,41735.55,0,3,5,4560,No
5803,37,Entrepreneur,25546.26,8,7,13,4560,Yes
6625,38,Journalist,31021.24,7,7,21,4560,No
6642,28,Writer,39800.12,7,5,18,4560,Yes
5785,36,Entrepreneur,54392.16,6,4,8,4560,Yes
5781,35,Entrepreneur,54392.16,6,4,7,4560,Yes
7580,22,Entrepreneur,19283.47,10,8,15,4560,Yes
5952,30,Writer,34290.12,9,8,12,4560,Yes
5986,37,Manager,39641.54,10,8,16,4560,Yes
6691,18,Developer,27070.07,7,3,4,4560,NM
6181,16,Entrepreneur,55829.79,10,10,19,4560,Yes
5815,30,Scientist,31993.78,6,6,14,4560,Yes
7425,37,Entrepreneur,30502.54,8,7,20,4560,Yes
6811,38,Media_Manager,108147.3,3,6,2,4560,Yes
7734,24,Developer,28230.92,8,6,17,4560,Yes
6826,27,Lawyer,17759.1,6,8,5,4560,NM
7460,32,Accountant,42220.39,1,4,9,4560,No
6212,43,Lawyer,81842.28,10,9,19,4560,Yes
5959,32,Accountant,43070.24,3,3,8,4560,Yes
7026,42,Architect,20005.22,8,3,20,4560,Yes
7052,33,Doctor,60938.13,10,8,17,4560,Yes
6215,43,Lawyer,81842.28,10,9,19,4560,Yes
7151,15,Accountant,27796.42,6,5,14,4560,Yes
6870,19,Developer,28665.76,7,3,10,4560,No
6216,43,Lawyer,81842.28,10,9,19,4560,Yes
6126,33,Accountant,30788.44,7,9,20,4560,Yes
7496,33,Doctor,35376.32,8,3,18,4560,Yes
6978,54,Scientist,41345.58,0,5,3,4560,No
6822,27,Lawyer,17759.1,6,8,6,4560,Yes
5940,48,Entrepreneur,20787.69,8,6,14,4560,No
6430,18,Media_Manager,54820.89,8,7,17,4560,Yes
6656,17,Manager,14841.35,6,5,14,4560,Yes
6936,19,Journalist,31122.79,7,5,19,4560,No
6739,25,Journalist,27865.26,4,3,18,4560,Yes
6210,43,Lawyer,81842.28,10,9,19,4560,NM
6133,33,Accountant,30788.44,7,9,20,4560,Yes
5947,30,Writer,34290.12,9,8,9,4560,NM
5841,46,Teacher,32284.62,6,7,12,4560,Yes
7234,40,Scientist,19065.32,3,6,14,4560,Yes
7258,27,Manager,15013.73,7,4,12,4560,Yes
6178,16,Entrepreneur,55829.79,10,10,18,4560,Yes
6193,27,Architect,14165.23,7,10,24,4560,NM
6211,43,Lawyer,81842.28,10,9,16,4560,Yes
5843,46,Teacher,32284.62,6,7,12,4560,Yes
6177,15,Entrepreneur,55829.79,10,10,18,4560,Yes
5838,45,Teacher,32284.62,6,7,12,4560,Yes
6684,28,Mechanic,15398.95,1,7,4,4560,NM
6405,26,Scientist,60162.1,5,7,12,4560,Yes
7255,26,Manager,15013.73,7,4,7,4560,Yes
6320,20,Scientist,69977.6,10,7,18,4560,Yes
6036,44,Writer,58317,8,5,20,4560,Yes
6103,18,Developer,66567.32,5,7,15,4560,No
6104,18,Developer,66567.32,5,7,12,4560,No
6777,28,Scientist,62320.56,9,9,15,4560,Yes
5965,32,Accountant,43070.24,3,3,8,4560,Yes
7584,22,Entrepreneur,19283.47,10,8,17,4560,Yes
6373,19,Lawyer,73737.36,7,3,17,4560,Yes
7257,27,Manager,15013.73,7,4,9,4560,Yes
6143,42,Architect,20574.47,6,3,10,4560,Yes
7278,49,Developer,102885.32,3,5,13,4560,Yes
7027,42,Architect,20005.22,8,3,22,4560,Yes
6105,18,Developer,66567.32,5,7,15,4560,No
7198,20,Entrepreneur,41735.55,0,3,4,4560,NM
5958,32,Accountant,43070.24,3,3,8,4560,Yes
7105,17,Journalist,19163.22,3,7,22,4560,Yes
6693,18,Developer,27070.07,7,3,6,4560,No
6295,22,Entrepreneur,36822.29,8,7,19,4560,No
7380,43,Mechanic,34766.06,0,1,4,4560,NM
6550,19,Mechanic,34106.78,8,5,10,4560,Yes
6285,37,Writer,17251.38,6,3,15,4560,Yes
7399,20,Scientist,33502.1,7,9,20,4560,Yes
5756,40,Teacher,33751.27,5,5,20,4560,Yes
7687,29,Teacher,9783.245,8,6,19,4560,NM
5809,37,Entrepreneur,25546.26,8,7,13,4560,Yes
7125,27,Musician,63536.98,4,5,15,4560,NM
7100,17,Journalist,19163.22,3,7,18,4560,Yes
7099,17,Journalist,19163.22,3,7,19,4560,Yes
6598,47,Accountant,17787.34,8,4,16,4560,No
6949,20,Architect,15015.4,5,5,8,4560,No
7290,38,Teacher,34212.01,6,5,9,4560,No
5911,31,Lawyer,12600.445,5,5,18,4560,Yes
6189,27,Architect,14165.23,7,10,24,4560,Yes
7122,27,Musician,63536.98,4,5,14,4560,Yes
6882,18,Lawyer,56803.71,7,5,23,4560,Yes
6921,55,Doctor,19403.405,1,7,9,4560,NM
6370,19,Lawyer,73737.36,7,3,20,4560,Yes
6284,37,Writer,17251.38,6,3,12,4560,Yes
7674,39,Media_Manager,64036.88,8,4,15,4560,Yes
6186,27,Architect,14165.23,7,10,24,4560,Yes
6515,42,Scientist,9841.34,8,9,15,4560,Yes
6920,55,Doctor,19403.405,1,7,9,4560,No
7038,32,Scientist,19795.52,6,9,21,4560,Yes
6659,17,Manager,14841.35,6,5,16,4560,Yes
6176,15,Entrepreneur,55829.79,10,10,19,4560,Yes
7356,32,Manager,16578.115,3,5,12,4560,Yes
6922,55,Doctor,19403.405,1,7,9,4560,No
6654,17,Manager,14841.35,6,5,16,4560,Yes
7506,48,Doctor,15488.885,0,4,3,4560,No
6649,28,Writer,39800.12,7,5,20,4560,Yes
7714,21,Lawyer,124419.66,3,4,8,4560,No
5934,48,Entrepreneur,20787.69,8,6,14,4560,No
6514,42,Scientist,9841.34,8,9,13,4560,Yes
7172,41,Architect,140014.36,3,7,10,4560,No
6142,42,Architect,20574.47,6,3,7,4560,Yes
7602,33,Media_Manager,9444.795,7,8,11,4560,Yes
6516,42,Scientist,9841.34,8,9,15,4560,Yes
7548,44,Journalist,7512.225,7,7,15,4560,Yes
6179,16,Entrepreneur,55829.79,10,10,21,4560,Yes
6536,15,Teacher,43241.49,10,7,17,4560,Yes
7632,17,Entrepreneur,15604.56,9,5,23,4560,Yes
7233,40,Scientist,19065.32,3,6,14,4560,Yes
6511,41,Scientist,9841.34,8,9,15,4560,NM
6175,15,Entrepreneur,55829.79,10,10,18,4560,Yes
7543,44,Journalist,7512.225,7,7,17,4560,Yes
7089,36,Journalist,18717.02,8,5,18,4560,Yes
6023,22,Engineer,12986.745,4,3,17,4560,Yes
7464,32,Accountant,42220.39,1,4,8,4560,No
6512,41,Scientist,9841.34,8,9,15,4560,Yes
6768,34,Musician,14205.09,7,10,19,4560,Yes
6431,18,Media_Manager,54820.89,8,7,17,4560,Yes
7237,40,Scientist,19065.32,3,6,15,4560,NM
7028,42,Architect,20005.22,8,3,23,4560,Yes
7295,38,Teacher,34212.01,6,5,9,4560,No
6116,33,Media_Manager,12909.895,5,5,14,4560,No
7727,50,Entrepreneur,15606.515,3,4,0,4560,No
7009,39,Manager,30536.62,6,6,8,4560,Yes
6883,18,Lawyer,56803.71,7,5,23,4560,NM
5673,55,Entrepreneur,30689.89,2,5,6,4560,No
6510,41,Scientist,9841.34,8,9,16,4560,Yes
7150,15,Accountant,27796.42,6,5,11,4560,Yes
5869,32,Entrepreneur,19300.34,6,7,19,4560,Yes
7137,39,Architect,9983.345,7,11,16,4560,NM
7459,32,Accountant,42220.39,1,4,9,4560,No
6117,33,Media_Manager,12909.895,5,5,15,4560,NM
7556,16,Mechanic,35161.46,10,8,23,4560,Yes
6599,47,Accountant,17787.34,8,4,16,4560,No
6766,33,Musician,14205.09,7,10,19,4560,Yes
7581,22,Entrepreneur,19283.47,10,8,15,4560,Yes
6001,55,Scientist,20186.02,1,5,6,4560,No
7201,20,Entrepreneur,41735.55,0,3,7,4560,NM
7254,26,Manager,15013.73,7,4,12,4560,Yes
6765,33,Musician,14205.09,7,10,17,4560,Yes
7544,44,Journalist,7512.225,7,7,17,4560,NM
6140,42,Architect,20574.47,6,3,10,4560,Yes
6217,43,Lawyer,81842.28,10,9,16,4560,NM
6778,28,Scientist,62320.56,9,9,17,4560,Yes
6696,18,Developer,27070.07,7,3,4,4560,No
6138,42,Architect,20574.47,6,3,10,4560,NM
7235,40,Scientist,19065.32,3,6,14,4560,Yes
6572,34,Architect,17001.34,6,5,20,4560,No
5998,55,Scientist,20186.02,1,5,7,4560,No
6657,17,Manager,14841.35,6,5,16,4560,Yes
7546,44,Journalist,7512.225,7,7,20,4560,Yes
7585,23,Entrepreneur,19283.47,10,8,15,4560,Yes
6455,30,Architect,30390.44,5,6,20,4560,No
6517,42,Scientist,9841.34,8,9,15,4560,Yes
7510,49,Doctor,15488.885,0,4,0,4560,No
6021,21,Engineer,12986.745,4,3,15,4560,Yes
7392,23,Engineer,16852.635,4,6,13,4560,Yes
6282,36,Writer,17251.38,6,3,13,4560,Yes
7261,27,Manager,15013.73,7,4,9,4560,Yes
5948,30,Writer,34290.12,9,8,6,4560,Yes
5816,31,Scientist,31993.78,6,6,14,4560,Yes
7091,36,Journalist,18717.02,8,5,16,4560,Yes
6803,20,Writer,144881.68,3,4,6,4560,Yes
6144,42,Architect,20574.47,6,3,7,4560,Yes
7141,40,Architect,9983.345,7,11,16,4560,Yes
7307,26,Entrepreneur,118487.16,8,4,20,4560,No
5758,40,Teacher,33751.27,5,5,20,4560,Yes
7069,54,Manager,80396.86,5,7,11,4560,No
6025,22,Engineer,12986.745,4,3,17,4560,Yes
7567,34,Writer,9133.045,6,7,16,4560,Yes
7138,40,Architect,9983.345,7,11,16,4560,Yes
6009,43,Musician,18627.64,7,7,22,4560,Yes
7545,44,Journalist,7512.225,7,7,16,4560,Yes
7603,33,Media_Manager,9444.795,7,8,9,4560,Yes
7090,36,Journalist,18717.02,8,5,19,4560,Yes
7136,39,Architect,9983.345,7,11,16,4560,Yes
6655,17,Manager,14841.35,6,5,16,4560,Yes
7259,27,Manager,15013.73,7,4,7,4560,Yes
6513,42,Scientist,9841.34,8,9,15,4560,Yes
7029,42,Architect,20005.22,8,3,20,4560,NM
6966,24,Musician,20188.02,4,3,5,4560,No
6683,28,Mechanic,15398.95,1,7,3,4560,No
5889,41,Media_Manager,10183.015,7,5,20,4560,Yes
5910,31,Lawyer,12600.445,5,5,19,4560,Yes
6767,33,Musician,14205.09,7,10,19,4560,Yes
6359,22,Media_Manager,19981.6,10,8,19,4560,NM
7568,34,Writer,9133.045,6,7,16,4560,Yes
7140,40,Architect,9983.345,7,11,16,4560,Yes
6682,28,Mechanic,15398.95,1,7,2,4560,NM
7127,27,Musician,63536.98,4,5,16,4560,Yes
6067,16,Mechanic,29469.98,7,7,18,4560,NM
6354,21,Media_Manager,19981.6,10,8,21,4560,NM
7236,40,Scientist,19065.32,3,6,14,4560,Yes
7542,44,Journalist,7512.225,7,7,19,4560,Yes
7139,40,Architect,9983.345,7,11,16,4560,Yes
5682,21,Developer,35547.71,7,5,15,4560,Yes
6874,19,Developer,28665.76,7,3,10,4560,No
7230,40,Scientist,19065.32,3,6,14,4560,Yes
7232,40,Scientist,19065.32,3,6,14,4560,Yes
7354,32,Manager,16578.115,3,5,13,4560,NM
7521,26,Entrepreneur,19853.35,7,4,20,4560,No
6658,17,Manager,14841.35,6,5,16,4560,Yes
6970,24,Musician,20188.02,4,3,6,4560,No
6622,38,Journalist,31021.24,7,7,20,4560,NM
6876,19,Developer,28665.76,7,3,12,4560,No
7017,29,Architect,147499.6,2,2,3,4560,No
7093,37,Journalist,18717.02,8,5,18,4560,Yes
5938,48,Entrepreneur,20787.69,8,6,14,4560,No
7231,40,Scientist,19065.32,3,6,14,4560,Yes
7292,38,Teacher,34212.01,6,5,9,4560,No
7549,44,Journalist,7512.225,7,7,17,4560,Yes
5842,46,Teacher,32284.62,6,7,12,4560,Yes
6570,34,Architect,17001.34,6,5,20,4560,No
6600,47,Accountant,17787.34,8,4,17,4560,No
6685,28,Mechanic,15398.95,1,7,5,4560,No
7547,44,Journalist,7512.225,7,7,17,4560,Yes
6093,37,Musician,15566.02,8,5,20,4560,Yes
7248,46,Entrepreneur,24585.55,3,4,14,4560,Yes
6596,47,Accountant,17787.34,8,4,15,4560,No
6286,37,Writer,17251.38,6,3,15,4560,Yes
6022,22,Engineer,12986.745,4,3,18,4560,Yes
6678,28,Mechanic,15398.95,1,7,4,4560,No
7633,17,Entrepreneur,15604.56,9,5,23,4560,Yes
7076,42,Writer,57610.32,8,10,23,4560,Yes
6681,28,Mechanic,15398.95,1,7,6,4560,No
5808,37,Entrepreneur,25546.26,8,7,14,4560,Yes
5865,31,Entrepreneur,19300.34,6,7,19,4560,Yes
6697,18,Developer,27070.07,7,3,5,4560,No
7579,22,Entrepreneur,19283.47,10,8,16,4560,Yes
7260,27,Manager,15013.73,7,4,9,4560,Yes
6577,34,Architect,17001.34,6,5,20,4560,No
7104,17,Journalist,19163.22,3,7,19,4560,Yes
7678,39,Media_Manager,64036.88,8,4,15,4560,Yes
7386,22,Engineer,16852.635,4,6,13,4560,Yes
7447,31,Accountant,59971.42,8,5,20,4560,No
6253,14,Developer,39887.22,9,9,22,4560,NM
6288,37,Writer,17251.38,6,3,15,4560,Yes
7726,50,Entrepreneur,15606.515,3,4,1,4560,NM
6121,33,Media_Manager,12909.895,5,5,15,4560,No
6931,19,Journalist,31122.79,7,5,20,4560,No
7578,22,Entrepreneur,19283.47,10,8,15,4560,Yes
5805,37,Entrepreneur,25546.26,8,7,10,4560,Yes
6491,39,Engineer,30346.35,5,4,6,4560,Yes
6000,55,Scientist,20186.02,1,5,6,4560,No
6454,30,Architect,30390.44,5,6,18,4560,No
6115,32,Media_Manager,12909.895,5,5,14,4560,No
7582,22,Entrepreneur,19283.47,10,8,15,4560,Yes
6139,42,Architect,20574.47,6,3,10,4560,Yes
5912,31,Lawyer,12600.445,5,5,16,4560,Yes
6576,34,Architect,17001.34,6,5,21,4560,No
6118,33,Media_Manager,12909.895,5,5,14,4560,No
7435,20,Media_Manager,30272.61,3,3,8,4560,Yes
7566,33,Writer,9133.045,6,7,16,4560,Yes
6020,21,Engineer,12986.745,4,3,20,4560,Yes
5975,40,Architect,28572.39,6,3,11,4560,Yes
7256,26,Manager,15013.73,7,4,9,4560,NM
6018,21,Engineer,12986.745,4,3,14,4560,Yes
7221,19,Writer,7441.295,5,8,14,4560,Yes
6486,38,Engineer,30346.35,5,4,9,4560,Yes
6019,21,Engineer,12986.745,4,3,17,4560,Yes
6919,55,Doctor,19403.405,1,7,11,4560,No
6679,28,Mechanic,15398.95,1,7,4,4560,No
5928,34,Mechanic,57983.12,9,8,21,4560,Yes
7497,33,Doctor,35376.32,8,3,15,4560,NM
6620,38,Journalist,31021.24,7,7,20,4560,No
7583,22,Entrepreneur,19283.47,10,8,15,4560,Yes
5804,37,Entrepreneur,25546.26,8,7,10,4560,Yes
6738,25,Journalist,27865.26,4,3,18,4560,Yes
7511,49,Doctor,15488.885,0,4,0,4560,NM
6489,39,Engineer,30346.35,5,4,9,4560,NM
7522,26,Entrepreneur,19853.35,7,4,17,4560,NM
6427,18,Media_Manager,54820.89,8,7,15,4560,Yes
7523,26,Entrepreneur,19853.35,7,4,17,4560,No
6283,36,Writer,17251.38,6,3,15,4560,NM
6594,47,Accountant,17787.34,8,4,15,4560,No
7200,20,Entrepreneur,41735.55,0,3,6,4560,No
6490,39,Engineer,30346.35,5,4,9,4560,Yes
6080,20,Engineer,72559.36,4,5,22,4560,NM
6680,28,Mechanic,15398.95,1,7,5,4560,NM
6024,22,Engineer,12986.745,4,3,20,4560,Yes
7463,32,Accountant,42220.39,1,4,9,4560,NM
6145,42,Architect,20574.47,6,3,10,4560,Yes
7465,33,Accountant,42220.39,1,4,11,4560,No
6871,19,Developer,28665.76,7,3,10,4560,No
7357,32,Manager,16578.115,3,5,13,4560,Yes
6120,33,Media_Manager,12909.895,5,5,16,4560,No
6692,18,Developer,27070.07,7,3,5,4560,No
6289,37,Writer,17251.38,6,3,15,4560,Yes
7462,32,Accountant,42220.39,1,4,9,4560,NM
7031,43,Architect,20005.22,8,3,20,4560,Yes
6930,19,Journalist,31122.79,7,5,20,4560,No
6597,47,Accountant,17787.34,8,4,15,4560,NM
7525,26,Entrepreneur,19853.35,7,4,17,4560,No
7146,14,Accountant,27796.42,6,5,14,4560,Yes
7353,32,Manager,16578.115,3,5,13,4560,Yes
7293,38,Teacher,34212.01,6,5,9,4560,No
6452,30,Architect,30390.44,5,6,18,4560,No
7461,32,Accountant,42220.39,1,4,9,4560,No
6451,30,Architect,30390.44,5,6,23,4560,No
6132,33,Accountant,30788.44,7,9,20,4560,Yes
5923,34,Mechanic,57983.12,9,8,21,4560,Yes
5827,20,Accountant,92047.08,6,7,11,4560,Yes
6595,47,Accountant,17787.34,8,4,15,4560,No
6923,55,Doctor,19403.405,1,7,9,4560,No
6549,19,Mechanic,34106.78,8,5,10,4560,Yes
6130,33,Accountant,30788.44,7,9,20,4560,NM
7436,20,Media_Manager,30272.61,3,3,6,4560,Yes
7650,42,Doctor,31807,8,3,8,4560,Yes
6432,18,Media_Manager,54820.89,8,7,17,4560,NM
6501,46,Mechanic,18681.465,2,3,8,4560,No
6571,34,Architect,17001.34,6,5,20,4560,No
7147,14,Accountant,27796.42,6,5,14,4560,Yes
6097,37,Musician,15566.02,8,5,23,4560,Yes
7030,42,Architect,20005.22,8,3,20,4560,Yes
6287,37,Writer,17251.38,6,3,15,4560,Yes
6119,33,Media_Manager,12909.895,5,5,14,4560,No
5856,26,Musician,97791.42,6,6,8,4560,Yes
6131,33,Accountant,30788.44,7,9,21,4560,Yes
6114,32,Media_Manager,12909.895,5,5,14,4560,No
7439,21,Media_Manager,30272.61,3,3,8,4560,Yes
6934,19,Journalist,31122.79,7,5,20,4560,No
6128,33,Accountant,30788.44,7,9,22,4560,Yes
6847,26,Writer,134321.44,3,5,2,4560,Yes
5995,54,Scientist,20186.02,1,5,6,4560,NM
5802,36,Entrepreneur,25546.26,8,7,14,4560,NM
5936,48,Entrepreneur,20787.69,8,6,14,4560,No
6368,19,Lawyer,73737.36,7,3,17,4560,Yes
5937,48,Entrepreneur,20787.69,8,6,12,4560,No
5807,37,Entrepreneur,25546.26,8,7,10,4560,Yes
5977,40,Architect,28572.39,6,3,12,4560,Yes
5974,40,Architect,28572.39,6,3,12,4560,Yes
7615,46,Doctor,70112.78,1,7,3,4560,No
6129,33,Accountant,30788.44,7,9,20,4560,Yes
6488,39,Engineer,30346.35,5,4,9,4560,Yes
6601,48,Accountant,17787.34,8,4,15,4560,No
7520,26,Entrepreneur,19853.35,7,4,18,4560,No
6754,36,Architect,23404.86,6,5,17,4560,Yes
7352,32,Manager,16578.115,3,5,13,4560,Yes
6421,18,Musician,75273.24,8,6,11,4560,Yes
7509,48,Doctor,15488.885,0,4,2,4560,No
6127,33,Accountant,30788.44,7,9,20,4560,Yes
7388,22,Engineer,16852.635,4,6,13,4560,NM
5935,48,Entrepreneur,20787.69,8,6,14,4560,No
7098,17,Journalist,19163.22,3,7,18,4560,Yes
7350,31,Manager,16578.115,3,5,16,4560,Yes
6935,19,Journalist,31122.79,7,5,18,4560,No
7555,15,Mechanic,35161.46,10,8,20,4560,Yes
7355,32,Manager,16578.115,3,5,12,4560,Yes
6409,26,Scientist,60162.1,5,7,10,4560,Yes
5972,40,Architect,28572.39,6,3,10,4560,Yes
5970,40,Architect,28572.39,6,3,12,4560,Yes
6885,18,Lawyer,56803.71,7,5,23,4560,Yes
6492,39,Engineer,30346.35,5,4,9,4560,Yes
6918,55,Doctor,19403.405,1,7,9,4560,No
7437,20,Media_Manager,30272.61,3,3,8,4560,NM
6141,42,Architect,20574.47,6,3,12,4560,Yes
6575,34,Architect,17001.34,6,5,20,4560,No
6877,19,Developer,28665.76,7,3,10,4560,No
7652,42,Doctor,31807,8,3,8,4560,Yes
7005,39,Manager,30536.62,6,6,8,4560,Yes
6541,16,Teacher,43241.49,10,7,17,4560,Yes
6498,46,Mechanic,18681.465,2,3,8,4560,No
7243,46,Entrepreneur,24585.55,3,4,14,4560,Yes
7184,47,Accountant,37071.2,1,6,5,4560,No
7351,31,Manager,16578.115,3,5,13,4560,Yes
7438,20,Media_Manager,30272.61,3,3,8,4560,Yes
7594,23,Scientist,66502.76,0,6,10,4560,No
7002,39,Manager,30536.62,6,6,7,4560,Yes
5839,46,Teacher,32284.62,6,7,12,4560,Yes
6296,23,Entrepreneur,36822.29,8,7,17,4560,No
6643,28,Writer,39800.12,7,5,18,4560,Yes
7498,33,Doctor,35376.32,8,3,15,4560,Yes
5641,23,Scientist,19114.12,3,4,6,4560,No
6862,24,Lawyer,61008,10,5,20,4560,Yes
5971,40,Architect,28572.39,6,3,9,4560,NM
6753,36,Architect,23404.86,6,5,17,4560,Yes
7149,15,Accountant,27796.42,6,5,16,4560,Yes
5674,55,Entrepreneur,30689.89,2,5,6,4560,No
6068,16,Mechanic,29469.98,7,7,24,4560,Yes
6344,45,Journalist,41746.76,8,5,20,4560,Yes
6690,18,Developer,27070.07,7,3,6,4560,No
7519,26,Entrepreneur,19853.35,7,4,17,4560,No
5754,40,Teacher,33751.27,5,5,20,4560,NM
6066,16,Mechanic,29469.98,7,7,21,4560,Yes
6886,19,Lawyer,56803.71,7,5,24,4560,NM
5689,21,Developer,35547.71,7,5,15,4560,Yes
6967,24,Musician,20188.02,4,3,6,4560,NM
6621,38,Journalist,31021.24,7,7,20,4560,No
5976,40,Architect,28572.39,6,3,13,4560,Yes
6404,26,Scientist,60162.1,5,7,10,4560,Yes
6618,38,Journalist,31021.24,7,7,21,4560,No
5734,23,Doctor,114838.41,2,5,11,4560,No
6623,38,Journalist,31021.24,7,7,20,4560,No
7148,14,Accountant,27796.42,6,5,13,4560,Yes
6956,34,Engineer,19777.05,5,3,3,4560,NM
5939,48,Entrepreneur,20787.69,8,6,14,4560,No
6457,30,Architect,30390.44,5,6,20,4560,No
7390,23,Engineer,16852.635,4,6,13,4560,Yes
7434,20,Media_Manager,30272.61,3,3,8,4560,Yes
7518,26,Entrepreneur,19853.35,7,4,17,4560,No
7524,26,Entrepreneur,19853.35,7,4,17,4560,No
6884,18,Lawyer,56803.71,7,5,20,4560,Yes
7501,34,Doctor,35376.32,8,3,15,4560,NM
7267,44,Journalist,126006.68,4,3,11,4560,Yes
6624,38,Journalist,31021.24,7,7,20,4560,No
7003,39,Manager,30536.62,6,6,8,4560,Yes
6647,28,Writer,39800.12,7,5,18,4560,Yes
5973,40,Architect,28572.39,6,3,14,4560,Yes
6750,36,Architect,23404.86,6,5,17,4560,Yes
7500,34,Doctor,35376.32,8,3,18,4560,Yes
5941,48,Entrepreneur,20787.69,8,6,14,4560,No
6619,38,Journalist,31021.24,7,7,17,4560,No
6742,25,Journalist,27865.26,4,3,18,4560,Yes
7705,22,Accountant,86522.72,8,5,8,4560,Yes
5817,30,Scientist,31993.78,6,6,14,4560,Yes
7477,51,Architect,43581.13,4,3,3,4560,No
6875,19,Developer,28665.76,7,3,10,4560,No
6933,19,Journalist,31122.79,7,5,21,4560,No
6049,37,Scientist,42171.98,2,7,10,4560,No
6456,30,Architect,30390.44,5,6,21,4560,No
5778,35,Entrepreneur,54392.16,6,4,8,4560,Yes
6872,19,Developer,28665.76,7,3,13,4560,NM
7485,50,Media_Manager,28681.38,3,5,7,4560,No
5677,55,Entrepreneur,30689.89,2,5,9,4560,No
6752,36,Architect,23404.86,6,5,17,4560,Yes
7387,22,Engineer,16852.635,4,6,13,4560,Yes
7458,32,Accountant,42220.39,1,4,9,4560,NM
6694,18,Developer,27070.07,7,3,2,4560,No
7247,46,Entrepreneur,24585.55,3,4,14,4560,Yes
5875,41,Musician,19514.88,7,5,14,4560,No
5874,41,Musician,19514.88,7,5,12,4560,NM
6751,36,Architect,23404.86,6,5,20,4560,NM
6756,36,Architect,23404.86,6,5,20,4560,Yes
6294,22,Entrepreneur,36822.29,8,7,19,4560,No
6706,53,Engineer,17992.775,3,5,2,4560,No
7194,20,Entrepreneur,41735.55,0,3,6,4560,No
7153,15,Accountant,27796.42,6,5,11,4560,NM
7441,21,Media_Manager,30272.61,3,3,8,4560,Yes
7199,20,Entrepreneur,41735.55,0,3,4,4560,NM
6493,39,Engineer,30346.35,5,4,6,4560,Yes
5876,41,Musician,19514.88,7,5,12,4560,No
7245,46,Entrepreneur,24585.55,3,4,13,4560,Yes
5840,46,Teacher,32284.62,6,7,12,4560,Yes
6433,18,Media_Manager,54820.89,8,7,17,4560,Yes
5684,21,Developer,35547.71,7,5,12,4560,Yes
7244,46,Entrepreneur,24585.55,3,4,14,4560,Yes
6757,36,Architect,23404.86,6,5,17,4560,Yes
6081,20,Engineer,72559.36,4,5,18,4560,No
5688,21,Developer,35547.71,7,5,15,4560,Yes
6540,16,Teacher,43241.49,10,7,14,4560,Yes
5724,30,Media_Manager,34081.38,8,7,11,4560,NM
7531,32,Writer,115643.01,3,7,4,4560,No
6755,36,Architect,23404.86,6,5,16,4560,Yes
6403,26,Scientist,60162.1,5,7,10,4560,Yes
5819,31,Scientist,31993.78,6,6,14,4560,Yes
6453,30,Architect,30390.44,5,6,17,4560,No
5722,30,Media_Manager,34081.38,8,7,14,4560,Yes
7242,46,Entrepreneur,24585.55,3,4,14,4560,Yes
7152,15,Accountant,27796.42,6,5,15,4560,Yes
5755,40,Teacher,33751.27,5,5,20,4560,Yes
6695,18,Developer,27070.07,7,3,3,4560,No
7212,38,Architect,40391.66,10,7,23,4560,Yes
7364,20,Writer,74647.4,6,5,17,4560,Yes
7495,33,Doctor,35376.32,8,3,17,4560,Yes
7675,39,Media_Manager,64036.88,8,4,17,4560,NM
5820,31,Scientist,31993.78,6,6,16,4560,Yes
7367,20,Writer,74647.4,6,5,17,4560,Yes
7249,46,Entrepreneur,24585.55,3,4,14,4560,Yes
6873,19,Developer,28665.76,7,3,11,4560,No
7494,33,Doctor,35376.32,8,3,17,4560,Yes
6774,28,Scientist,62320.56,9,9,15,4560,Yes
7195,20,Entrepreneur,41735.55,0,3,6,4560,No
6630,36,Journalist,134978.24,8,5,16,4560,NM
5759,40,Teacher,33751.27,5,5,20,4560,Yes
7440,21,Media_Manager,30272.61,3,3,8,4560,NM
6450,30,Architect,30390.44,5,6,20,4560,No
6308,25,Doctor,80108.31,5,3,16,4560,Yes
6033,44,Writer,58317,8,5,23,4560,Yes
5782,35,Entrepreneur,54392.16,6,4,8,4560,Yes
5671,54,Entrepreneur,30689.89,2,5,3,4560,No
7246,46,Entrepreneur,24585.55,3,4,14,4560,Yes
5723,30,Media_Manager,34081.38,8,7,14,4560,Yes
6548,19,Mechanic,34106.78,8,5,10,4560,Yes
5672,55,Entrepreneur,30689.89,2,5,9,4560,NM
6429,18,Media_Manager,54820.89,8,7,15,4560,Yes
7677,39,Media_Manager,64036.88,8,4,15,4560,Yes
7004,39,Manager,30536.62,6,6,8,4560,Yes
7499,34,Doctor,35376.32,8,3,15,4560,NM
6372,19,Lawyer,73737.36,7,3,20,4560,Yes
6034,44,Writer,58317,8,5,20,4560,Yes
6846,26,Writer,134321.44,3,5,6,4560,Yes
6428,18,Media_Manager,54820.89,8,7,17,4560,Yes
7651,42,Doctor,31807,8,3,8,4560,Yes
6741,25,Journalist,27865.26,4,3,19,4560,Yes
5675,55,Entrepreneur,30689.89,2,5,6,4560,No
6887,19,Lawyer,56803.71,7,5,23,4560,NM
7362,20,Writer,74647.4,6,5,17,4560,Yes
5821,31,Scientist,31993.78,6,6,16,4560,Yes
6776,28,Scientist,62320.56,9,9,17,4560,NM
5962,32,Accountant,43070.24,3,3,8,4560,Yes
6781,28,Scientist,62320.56,9,9,15,4560,NM
6740,25,Journalist,27865.26,4,3,18,4560,Yes
6043,36,Scientist,42171.98,2,7,8,4560,No
6666,21,Architect,66105.4,6,8,22,4560,Yes
7294,38,Teacher,34212.01,6,5,10,4560,No
7189,48,Accountant,37071.2,1,6,8,4560,No
7369,20,Writer,74647.4,6,5,17,4560,NM
5670,54,Entrepreneur,30689.89,2,5,6,4560,No
7681,39,Media_Manager,64036.88,8,4,15,4560,Yes
6743,26,Journalist,27865.26,4,3,18,4560,Yes
5685,21,Developer,35547.71,7,5,15,4560,Yes
6371,19,Lawyer,73737.36,7,3,20,4560,Yes
7126,27,Musician,63536.98,4,5,13,4560,Yes
7365,20,Writer,74647.4,6,5,17,4560,NM
5676,55,Entrepreneur,30689.89,2,5,6,4560,No
5761,41,Teacher,33751.27,5,5,17,4560,Yes
6646,28,Writer,39800.12,7,5,20,4560,Yes
5760,40,Teacher,33751.27,5,5,20,4560,Yes
5757,40,Teacher,33751.27,5,5,22,4560,Yes
6044,37,Scientist,42171.98,2,7,10,4560,NM
6937,19,Journalist,31122.79,7,5,20,4560,No
6272,43,Developer,123732.32,4,3,8,4560,No
6275,43,Developer,123732.32,4,3,8,4560,No
5814,30,Scientist,31993.78,6,6,14,4560,Yes
6551,19,Mechanic,34106.78,8,5,10,4560,Yes
6546,19,Mechanic,34106.78,8,5,10,4560,Yes
6408,26,Scientist,60162.1,5,7,13,4560,Yes
6406,26,Scientist,60162.1,5,7,10,4560,Yes
6648,28,Writer,39800.12,7,5,18,4560,Yes
6333,16,Musician,78988.48,9,5,17,4560,Yes
5818,30,Scientist,31993.78,6,6,14,4560,Yes
6079,19,Engineer,72559.36,4,5,22,4560,No
6932,19,Journalist,31122.79,7,5,20,4560,No
6559,24,Teacher,129067.59,1,3,7,4560,No
5779,35,Entrepreneur,54392.16,6,4,10,4560,Yes
6346,45,Journalist,41746.76,8,5,18,4560,Yes
5683,21,Developer,35547.71,7,5,15,4560,NM
7446,31,Accountant,59971.42,8,5,20,4560,No
5784,36,Entrepreneur,54392.16,6,4,8,4560,Yes
6979,54,Scientist,41345.58,0,5,4,4560,No
5648,28,Teacher,34847.84,2,4,5,4560,No
6042,36,Scientist,42171.98,2,7,10,4560,No
6030,43,Writer,58317,8,5,17,4560,Yes
6035,44,Writer,58317,8,5,20,4560,Yes
7712,21,Lawyer,124419.66,3,4,8,4560,No
7368,20,Writer,74647.4,6,5,20,4560,Yes
6402,26,Scientist,60162.1,5,7,10,4560,Yes
5646,28,Teacher,34847.84,2,4,4,4560,No
6343,45,Journalist,41746.76,8,5,22,4560,Yes
7704,22,Accountant,86522.72,8,5,13,4560,Yes
6775,28,Scientist,62320.56,9,9,15,4560,Yes
6226,38,Doctor,95956.5,8,4,13,4560,No
6369,19,Lawyer,73737.36,7,3,17,4560,Yes
6805,20,Writer,144881.68,3,4,5,4560,Yes
5686,21,Developer,35547.71,7,5,17,4560,Yes
6031,43,Writer,58317,8,5,20,4560,Yes
6083,20,Engineer,72559.36,4,5,19,4560,No
6792,25,Manager,43758.34,5,6,4,4560,No
6547,19,Mechanic,34106.78,8,5,10,4560,Yes
6442,42,Entrepreneur,58674.66,8,5,23,4560,Yes
5964,32,Accountant,43070.24,3,3,8,4560,Yes
6671,21,Architect,66105.4,6,8,19,4560,Yes
5687,21,Developer,35547.71,7,5,15,4560,Yes
6032,44,Writer,58317,8,5,20,4560,Yes
7450,31,Accountant,59971.42,8,5,20,4560,No
6780,28,Scientist,62320.56,9,9,15,4560,Yes
7363,20,Writer,74647.4,6,5,14,4560,Yes
6037,44,Writer,58317,8,5,20,4560,Yes
5961,32,Accountant,43070.24,3,3,8,4560,Yes
6980,54,Scientist,41345.58,0,5,5,4560,No
7306,26,Entrepreneur,118487.16,8,4,20,4560,No
5700,31,Lawyer,73928.46,4,5,4,4560,No
6416,17,Musician,75273.24,8,6,10,4560,Yes
6779,28,Scientist,62320.56,9,9,15,4560,Yes
6054,36,Manager,71681.4,3,6,8,4560,Yes
6367,19,Lawyer,73737.36,7,3,20,4560,Yes
6102,18,Developer,66567.32,5,7,15,4560,No
7067,54,Manager,80396.86,5,7,11,4560,No
5960,32,Accountant,43070.24,3,3,8,4560,Yes
7176,42,Architect,140014.36,3,7,9,4560,No
7129,27,Musician,63536.98,4,5,16,4560,Yes
5963,32,Accountant,43070.24,3,3,8,4560,Yes
7281,49,Developer,102885.32,3,5,13,4560,Yes
6082,20,Engineer,72559.36,4,5,21,4560,No
6441,42,Entrepreneur,58674.66,8,5,23,4560,Yes
7452,31,Accountant,59971.42,8,5,20,4560,No
6418,18,Musician,75273.24,8,6,9,4560,NM
6366,18,Lawyer,73737.36,7,3,20,4560,Yes
7448,31,Accountant,59971.42,8,5,20,4560,NM
7715,21,Lawyer,124419.66,3,4,8,4560,No
7309,26,Entrepreneur,118487.16,8,4,17,4560,No
5768,33,Engineer,88640.24,3,6,6,4560,No
6414,17,Musician,75273.24,8,6,9,4560,NM
7680,39,Media_Manager,64036.88,8,4,15,4560,Yes
6632,36,Journalist,134978.24,8,5,14,4560,Yes
7272,44,Journalist,126006.68,4,3,11,4560,Yes
6085,20,Engineer,72559.36,4,5,19,4560,No
5780,35,Entrepreneur,54392.16,6,4,11,4560,NM
6056,36,Manager,71681.4,3,6,10,4560,Yes
7128,27,Musician,63536.98,4,5,16,4560,Yes
7676,39,Media_Manager,64036.88,8,4,15,4560,Yes
6802,20,Writer,144881.68,3,4,5,4560,Yes
7449,31,Accountant,59971.42,8,5,18,4560,No
6084,20,Engineer,72559.36,4,5,19,4560,No
6106,19,Developer,66567.32,5,7,15,4560,No
7305,26,Entrepreneur,118487.16,8,4,20,4560,No
7282,49,Developer,102885.32,3,5,13,4560,Yes
6910,21,Lawyer,66528.24,5,5,12,4560,Yes
6380,33,Musician,88362.46,5,2,8,4560,No
7710,21,Lawyer,124419.66,3,4,9,4560,No
7453,31,Accountant,59971.42,8,5,20,4560,No
7302,26,Entrepreneur,118487.16,8,4,20,4560,No
7451,31,Accountant,59971.42,8,5,20,4560,No
7303,26,Entrepreneur,118487.16,8,4,20,4560,No
6394,45,Entrepreneur,118248.6,5,1,10,4560,NM
7701,22,Accountant,86522.72,8,5,10,4560,Yes
6909,21,Lawyer,66528.24,5,5,11,4560,Yes
7679,39,Media_Manager,64036.88,8,4,15,4560,Yes
7415,27,Media_Manager,91690.53,2,6,8,4560,No
7124,27,Musician,63536.98,4,5,16,4560,Yes
6810,38,Media_Manager,108147.3,3,6,6,4560,Yes
6310,25,Doctor,80108.31,5,3,19,4560,Yes
7700,22,Accountant,86522.72,8,5,10,4560,NM
6224,38,Doctor,95956.5,8,4,10,4560,NM
6109,19,Developer,66567.32,5,7,14,4560,NM
6055,36,Manager,71681.4,3,6,6,4560,Yes
6849,27,Writer,134321.44,3,5,22,4560,Yes
7410,27,Media_Manager,91690.53,2,6,9,4560,No
7170,41,Architect,140014.36,3,7,8,4560,NM
5850,26,Musician,97791.42,6,6,8,4560,Yes
7065,54,Manager,80396.86,5,7,10,4560,No
6201,30,Teacher,87215.68,2,6,5,4560,No
7716,21,Lawyer,124419.66,3,4,10,4560,No
6107,19,Developer,66567.32,5,7,15,4560,No
6108,19,Developer,66567.32,5,7,15,4560,No
6913,22,Lawyer,66528.24,5,5,12,4560,NM
7270,44,Journalist,126006.68,4,3,12,4560,Yes
7123,27,Musician,63536.98,4,5,16,4560,Yes
6906,21,Lawyer,66528.24,5,5,9,4560,Yes
7175,42,Architect,140014.36,3,7,10,4560,No
7171,41,Architect,140014.36,3,7,10,4560,NM
7068,54,Manager,80396.86,5,7,11,4560,No
6528,35,Media_Manager,72330.98,0,3,6,4560,No
6311,25,Doctor,80108.31,5,3,19,4560,Yes
7174,41,Architect,140014.36,3,7,12,4560,No
6911,21,Lawyer,66528.24,5,5,9,4560,Yes
6912,21,Lawyer,66528.24,5,5,10,4560,Yes
6223,38,Doctor,95956.5,8,4,10,4560,NM
6908,21,Lawyer,66528.24,5,5,9,4560,Yes
7066,54,Manager,80396.86,5,7,11,4560,No
7703,22,Accountant,86522.72,8,5,8,4560,Yes
7116,48,Media_Manager,94554.87,2,6,2,4560,No
6474,18,Scientist,144546.72,0,3,7,4560,No
7162,30,Engineer,132872.72,3,3,8,4560,No
6277,43,Developer,123732.32,4,3,8,4560,No
5766,32,Engineer,88640.24,3,6,4,4560,No
6814,38,Media_Manager,108147.3,3,6,5,4560,Yes
6798,20,Writer,144881.68,3,4,6,4560,Yes
7280,49,Developer,102885.32,3,5,13,4560,Yes
5737,24,Doctor,114838.41,2,5,11,4560,No
7304,26,Entrepreneur,118487.16,8,4,22,4560,No
7702,22,Accountant,86522.72,8,5,10,4560,NM
7064,54,Manager,80396.86,5,7,13,4560,No
5851,26,Musician,97791.42,6,6,8,4560,Yes
7308,26,Entrepreneur,118487.16,8,4,21,4560,No
6199,30,Teacher,87215.68,2,6,6,4560,No
6907,21,Lawyer,66528.24,5,5,8,4560,Yes
7699,22,Accountant,86522.72,8,5,9,4560,Yes
6799,20,Writer,144881.68,3,4,2,4560,Yes
6813,38,Media_Manager,108147.3,3,6,4,4560,Yes
7173,41,Architect,140014.36,3,7,10,4560,No
7717,21,Lawyer,124419.66,3,4,8,4560,No
6273,43,Developer,123732.32,4,3,8,4560,No
5905,20,Entrepreneur,106733.13,4,4,6,4560,No
6312,25,Doctor,80108.31,5,3,19,4560,Yes
6309,25,Doctor,80108.31,5,3,21,4560,Yes
6812,38,Media_Manager,108147.3,3,6,3,4560,Yes
7698,22,Accountant,86522.72,8,5,10,4560,Yes
6815,38,Media_Manager,108147.3,3,6,6,4560,Yes
6313,25,Doctor,80108.31,5,3,19,4560,Yes
7283,49,Developer,102885.32,3,5,13,4560,Yes
7177,42,Architect,140014.36,3,7,9,4560,NM
5828,20,Accountant,92047.08,6,7,11,4560,Yes
6306,25,Doctor,80108.31,5,3,19,4560,Yes
7271,44,Journalist,126006.68,4,3,12,4560,Yes
7268,44,Journalist,126006.68,4,3,12,4560,Yes
5826,20,Accountant,92047.08,6,7,11,4560,Yes
6715,55,Musician,139354.48,3,3,4,4560,No
6608,41,Teacher,103353.06,3,3,7,4560,No
7273,44,Journalist,126006.68,4,3,13,4560,Yes
6307,25,Doctor,80108.31,5,3,19,4560,Yes
7284,49,Developer,102885.32,3,5,13,4560,Yes
5852,26,Musician,97791.42,6,6,7,4560,Yes
6222,38,Doctor,95956.5,8,4,10,4560,No
6853,27,Writer,134321.44,3,5,20,4560,NM
5665,34,Engineer,143162.64,1,5,6,4560,No
7279,49,Developer,102885.32,3,5,13,4560,Yes
7534,33,Writer,115643.01,3,7,1,4560,No
5903,20,Entrepreneur,106733.13,4,4,6,4560,No
5904,20,Entrepreneur,106733.13,4,4,4,4560,No
6720,56,Musician,139354.48,3,3,16,4560,No
6391,45,Entrepreneur,118248.6,5,1,10,4560,No
6848,26,Writer,134321.44,3,5,21,4560,Yes
7285,49,Developer,102885.32,3,5,14,4560,Yes
5664,34,Engineer,143162.64,1,5,6,4560,No
6721,56,Musician,139354.48,3,3,16,4560,No
6475,18,Scientist,144546.72,0,3,7,4560,No
6714,55,Musician,139354.48,3,3,6,4560,No
7014,29,Architect,147499.6,2,2,3,4560,No
6477,18,Scientist,144546.72,0,3,7,4560,No
6631,36,Journalist,134978.24,8,5,16,4560,Yes
6276,43,Developer,123732.32,4,3,8,4560,No
5711,34,Lawyer,131313.4,0,1,3,4560,No
6716,55,Musician,139354.48,3,3,16,4560,NM
6274,43,Developer,123732.32,4,3,8,4560,No
6476,18,Scientist,144546.72,0,3,8,4560,No
